,Date,Momentum,Volatility,Volume Change,Return,Next Return,Return_lag1,Return_lag5,Momentum_5,Momentum_10,Volatility_5,Volatility_10,Mom_x_Vol,Mom_x_VolChange,Momentum_sq,Volatility_sq,Target
0,2025-01-27,0.0001030711291727604,0.022766071977721493,0.7343152113700893,0.03178030226598594,0.036543881024106994,-0.00393458811566294,0.0075352329557774045,0.0001030711291727604,-0.0027795915221633604,0.022766071977721496,0.021607345986081095,2.3465247455720926e-06,7.568669800464933e-05,1.062365766894786e-08,0.0005182940332947958,1
1,2025-01-28,0.013795000782844302,0.018964163967791027,-0.2019303545940795,0.036543881024106994,0.0046169383555663135,0.03178030226598594,-0.031915767244250715,0.013795000782844302,0.0019092010048476493,0.01896416396779103,0.02465577101598114,0.0002616106567816649,-0.002785629399705354,0.0001903020465986749,0.0003596395149972635,1
2,2025-01-29,0.01364941379543636,0.019047862461784738,-0.39918713576972453,0.0046169383555663135,-0.007394750956832841,0.036543881024106994,0.005344873292606023,0.01364941379543636,0.0028487135647430883,0.01904786246178474,0.024551413720345864,0.00025999215665945897,-0.005448670397936005,0.00018630649695904842,0.00036282106436306814,0
3,2025-01-30,0.012322356514632694,0.02047998991201875,0.22363315386458726,-0.007394750956832841,-0.006692258213703006,0.0046169383555663135,-0.0007594645528145039,0.012322356514632694,0.0001416454578110682,0.020479989912018753,0.02397553941534929,0.0002523617371119761,0.0027556874504111525,0.0001518404700737108,0.00041942998679638974,0
4,2025-02-04,-0.004463619392009166,0.02005444780981346,-0.38317458970509133,0.021007923869700296,-0.0014175665292441852,-0.03385595001477659,0.036543881024106994,-0.004463619392009166,0.004665690695417568,0.020054447809813462,0.020765154023398322,-8.95154221399191e-05,0.0017103455291328014,1.9923898076720275e-05,0.00040218087695653184,0
5,2025-02-05,-0.005670520368971266,0.019546498196741487,-0.12086368608725173,-0.0014175665292441852,0.0032262256341100137,0.021007923869700296,0.0046169383555663135,-0.005670520368971266,0.0039894467132325475,0.01954649819674149,0.02085051628661549,-0.00011083881616668273,0.0006853599938267099,3.215480125491802e-05,0.0003820655917552182,1
6,2025-02-06,-0.003546325050782695,0.019886430402381337,-0.24469779380771983,0.0032262256341100137,-0.023968793125519916,-0.0014175665292441852,-0.007394750956832841,-0.003546325050782695,0.004388015731924999,0.019886430402381337,0.020787651356680148,-7.052374630661152e-05,0.0008677779160515754,1.2576421365808882e-05,0.0003954701141487567,0
7,2025-02-07,-0.007001632033146077,0.021962268961114195,0.32687725770501874,-0.023968793125519916,0.0011873766168293276,0.0032262256341100137,-0.006692258213703006,-0.007001632033146077,0.0023845952309393013,0.0219622689611142,0.02256803042919602,-0.00015377172587870697,-0.0022886742784544046,4.9022851127577264e-05,0.00048234125792032,1
8,2025-02-11,0.00017179421304271968,0.016315695936113407,0.622147869886096,0.02183172846903836,0.01827025237193891,0.0011873766168293276,0.021007923869700296,0.00017179421304271968,-0.0021459125894832233,0.01631569593611341,0.01740768952557624,2.8029421435889026e-06,0.00010688140370328624,2.9513251634967358e-08,0.00026620193387970754,1
9,2025-02-12,0.004109357993279339,0.018112936075232716,-0.15776903258473818,0.01827025237193891,0.01967327176214928,0.02183172846903836,-0.0014175665292441852,0.004109357993279339,-0.0007805811878459634,0.01811293607523272,0.018498321942014652,7.443253864251526e-05,-0.0006483294351440423,1.6886823116928797e-05,0.0003280784532654667,1
10,2025-02-13,0.007398767218887192,0.01936277509059138,0.1850174500975834,0.01967327176214928,0.012710545112279759,0.01827025237193891,0.0032262256341100137,0.007398767218887192,0.0019262210840522488,0.019362775090591384,0.019382226409807354,0.00014326066560695297,0.001368901044704097,5.4741756359279715e-05,0.00037491705920882605,1
11,2025-02-14,0.014734634866447128,0.008289822201824266,-0.23721185285214152,0.012710545112279759,-0.000531435586585971,0.01967327176214928,-0.023968793125519916,0.014734634866447128,0.0038665014166505253,0.008289822201824273,0.01939476701203072,0.00012214750325164733,-0.00349523003776969,0.00021710946464751935,6.872115213785853e-05,0
12,2025-02-18,0.014390872425764067,0.008997478069832192,0.19381507328309233,-0.000531435586585971,0.0016361523213930251,0.012710545112279759,0.0011873766168293276,0.014390872425764067,0.007198952859469587,0.008997478069832199,0.014417270001861522,0.000129481559056565,0.002789167993807095,0.00020709720917461656,8.095461161711123e-05,1
13,2025-02-19,0.010351757196235,0.00934829842224632,-0.3403819960059399,0.0016361523213930251,0.0039204764503546485,-0.000531435586585971,0.02183172846903836,0.010351757196235,0.00526177570463886,0.009348298422246326,0.013635939379824501,9.677131546504063e-05,-0.0035235517766233214,0.00010715887704980311,8.739068339137302e-05,1
14,2025-02-20,0.007481802011918148,0.008471102731496082,0.0034995435377993545,0.0039204764503546485,-0.0011389704828973501,0.0016361523213930251,0.01827025237193891,0.007481802011918148,0.005795580002598744,0.008471102731496089,0.013448608295033698,6.33791134596727e-05,2.6182891881902365e-05,5.5977361345542446e-05,7.175958148756038e-05,0
15,2025-02-21,0.003319353562908822,0.0056145842284515525,0.646117047117762,-0.0011389704828973501,0.006312360618159429,0.0039204764503546485,0.01967327176214928,0.003319353562908822,0.005359060390898007,0.005614584228451562,0.013611133108640927,1.8636790162962343e-05,0.0021446909224064705,1.1018108075595492e-05,3.152355605837692e-05,1
16,2025-02-26,-0.0036378231985205512,0.013431067998634484,-0.07455642499057558,-0.0270401718834844,-0.01273084535990976,-0.000242810694735085,0.0016361523213930251,-0.0036378231985205512,0.0033569669988572247,0.013431067998634487,0.013167333244538629,-4.885985074633951e-05,0.0002712230924294732,1.3233757623694294e-05,0.00018039358758394333,0
17,2025-02-27,-0.006968087560573433,0.013149868869833875,-0.07381801159482915,-0.01273084535990976,0.0191318806316656,-0.0270401718834844,0.0039204764503546485,-0.006968087560573433,0.0002568572256723578,0.013149868869833879,0.012913011537758467,-9.162943769506125e-05,0.0005143703683401944,4.855424425181821e-05,0.00017291905129382604,1
18,2025-02-28,-0.002913917337660843,0.017725154850693002,0.38100676490027596,0.0191318806316656,-0.01575430458284177,-0.01273084535990976,-0.0011389704828973501,-0.002913917337660843,0.00020271811262398965,0.017725154850693006,0.012823385094156921,-5.164963603215753e-05,-0.001110222218008983,8.490914250720457e-06,0.00031418111448104565,0
19,2025-03-03,-0.007327250377861083,0.01760034271678905,-0.16978396506279758,-0.01575430458284177,-0.008822393793806338,0.0191318806316656,0.006312360618159429,-0.007327250377861083,-0.0026437668568881634,0.017600342716789053,0.0128974972494284,-0.00012896211782207712,0.0012440496221611365,5.368859809986539e-05,0.0003097720637484293,0
20,2025-03-04,-0.009043166997675333,0.01714943566107452,0.14017675483214642,-0.008822393793806338,-0.0008053362915595441,-0.01575430458284177,-0.000242810694735085,-0.009043166997675333,-0.0034728626776102,0.017149435661074523,0.013012593926747551,-0.00015508521059898555,-0.0012676418031392928,8.17788693478443e-05,0.00029410314349333444,0
21,2025-03-05,-0.003796199879290363,0.01398864650483617,-0.12213256601998956,-0.0008053362915595441,-0.0017391939743134355,-0.008822393793806338,-0.0270401718834844,-0.003796199879290363,-0.003717011538905457,0.013988646504836173,0.012928719032609209,-5.3103698173094624e-05,0.00046363963238250667,1.4411133523524165e-05,0.0001956822310372652,0
22,2025-03-06,-0.0015978696021710982,0.013066838059964255,-0.04355927466142684,-0.0017391939743134355,0.015892641540643737,-0.0008053362915595441,-0.01273084535990976,-0.0015978696021710982,-0.004282978581372265,0.01306683805996426,0.012678693128493148,-2.0879103332509248e-05,6.96020408741157e-05,2.5531872655424236e-06,0.0001707422568853304,1
23,2025-03-07,-0.0022457174203754705,0.011801122074227077,0.024423073517170435,0.015892641540643737,-0.04847957993043717,-0.0017391939743134355,0.0191318806316656,-0.0022457174203754705,-0.0025798173790181566,0.01180112207422708,0.014200573597926218,-2.650198542206925e-05,-5.484732165662046e-05,5.043246732177857e-06,0.0001392664822108096,0
24,2025-03-10,-0.008790772489894549,0.023968548741013663,0.5575014695204177,-0.04847957993043717,-0.029189402587743385,0.015892641540643737,-0.01575430458284177,-0.008790772489894549,-0.008059011433877817,0.023968548741013663,0.019839378105245737,-0.00021070205889519954,-0.004900868581335872,7.727768096908681e-05,0.0005744913287503477,0
25,2025-03-21,0.0044874438766953515,0.011109060013403208,0.926365401971639,0.019476937223347424,0.011270377348197247,-0.0052964960518718796,0.018170574441256804,0.0044874438766953515,-0.00881835677253039,0.011109060013403213,0.02306165425085941,4.98512833329874e-05,0.004157012750660059,2.0137152546490607e-05,0.00012341121438139407,1
26,2025-03-25,0.010224431415381896,0.009255692056036229,-0.2213546428289258,0.013681884181385495,-0.009921817374971442,0.011270377348197247,-0.006121523995937239,0.010224431415381896,0.0014437676322459404,0.009255692056036234,0.017176447212697815,9.463418862883747e-05,-0.002263225364080708,0.00010453899776784825,8.566783543617215e-05,0
27,2025-03-26,0.0058421770652173684,0.012741728788402682,-0.0007972493448059614,-0.009921817374971442,0.010472641379690062,0.013681884181385495,0.011989454375851194,0.0058421770652173684,0.0021994563561814396,0.012741728788402688,0.016400131983935376,7.443943569882604e-05,-4.657671837484962e-06,3.4131032861351826e-05,0.0001623516525172097,1
28,2025-03-27,0.008996004551529758,0.011147248897822046,0.07626914562425102,0.010472641379690062,-0.026580295499861295,-0.009921817374971442,-0.0052964960518718796,0.008996004551529758,0.006611087935903493,0.011147248897822051,0.010592290679935763,0.0001002807018218422,0.0006861175811770481,8.092809789114412e-05,0.00012426115798999483,0
29,2025-03-28,-0.00021544199311198664,0.0175257957765935,0.07342808156399272,-0.026580295499861295,0.019412553869742055,0.010472641379690062,0.019476937223347424,-0.00021544199311198664,0.0021360009417916827,0.017525795776593505,0.01405367396289476,-3.7757923729829417e-06,-1.5819492242536112e-05,4.64152523960653e-08,0.0003071535176028626,1
30,2025-03-31,0.001412993311196975,0.019161740776615737,0.6399195350916407,0.019412553869742055,0.004772000986040137,-0.026580295499861295,0.011270377348197247,0.001412993311196975,0.003838371545557162,0.01916174077661574,0.01508121148793648,2.7075411548248365e-05,0.0009042020227887662,1.9965500974873914e-06,0.0003671723095902183,1
31,2025-04-01,-0.00036898332787209663,0.018121598191281268,-0.4423722765787689,0.004772000986040137,0.003136332693514765,0.019412553869742055,0.013681884181385495,-0.00036898332787209663,0.0049277240437548995,0.01812159819128127,0.014669665282768479,-6.686567606979929e-06,0.00016322799477038968,1.3614869624756716e-07,0.00032839232100624854,1
32,2025-04-02,0.002242646685825145,0.0173240932624275,-0.01391822084053096,0.003136332693514765,-0.09245610055374764,0.004772000986040137,-0.009921817374971442,0.002242646685825145,0.004042411875521257,0.017324093262427502,0.01446180788955826,3.885182033990875e-05,-3.121365184059922e-05,5.029464157442506e-06,0.00030012420736528583,0
33,2025-04-25,0.012359453498933904,0.02075659350025161,-0.19210543002684366,0.004367234247518725,0.004109372565147096,0.01842623163005852,0.013949589908199611,0.012359453498933904,0.009758558216253321,0.02075659350025161,0.02445638788419973,0.0002565401521626335,-0.0023743181293094753,0.00015275609079230953,0.0004308361737346874,1
34,2025-04-29,0.011265246958517272,0.009472442901770814,-0.04944106176325591,0.005091827412437189,0.006107623740076784,0.004109372565147096,0.0340649766689165,0.011265246958517272,0.004413842030806381,0.009472442901770814,0.021210688623281175,0.00010670940858890218,-0.0005569657706543833,0.00012690578903638264,8.972717452730827e-05,1
35,2025-04-30,0.007620457919047663,0.006090126632611143,0.4197639813618048,0.006107623740076784,0.003858872869008989,0.005091827412437189,0.02433156893742483,0.007620457919047663,0.005212228026108867,0.006090126632611143,0.021097575998349667,4.640955372548466e-05,0.0031987937558995414,5.807137889597624e-05,3.7089642401239534e-05,1
36,2025-05-02,-0.0036387981770524603,0.018872592871214667,0.7608187470910317,-0.03736168747193236,-0.03145853051229541,0.003858872869008989,0.004367234247518725,-0.0036387981770524603,0.004360327660940721,0.018872592871214667,0.020515316455407908,-6.867355653602919e-05,-0.002768465869982183,1.3240852173320308e-05,0.0003561747616826227,0
37,2025-05-05,-0.010752378792540962,0.021711674614245603,-0.31672022540208655,-0.03145853051229541,-0.0019107109228524433,-0.03736168747193236,0.004109372565147096,-0.010752378792540962,0.0031537490086360866,0.021711674614245603,0.022341112453559086,-0.00023345214967276438,0.0034054958347821884,0.00011561364969828463,0.00047139681455487696,0
38,2025-05-09,-0.006633884892077102,0.015576532283404393,-0.2778388594046225,0.005265959267114484,0.06314626203094997,0.006318549937574414,-0.03736168747193236,-0.006633884892077102,-0.005136341534564781,0.015576532283404393,0.016389830314729282,-0.00010333292218582764,0.001843151011836259,4.400842876132882e-05,0.00024262835797593925,1
39,2025-05-20,-0.0057592406380191806,0.004540291288125109,-0.07897400331595883,-0.009196255872420789,-0.023059049776969598,-0.011739075721298287,0.01015224408951143,-0.0057592406380191806,0.004470211990512785,0.004540291288125109,0.021950088274125278,-2.614863009501458e-05,0.0004548302892443316,3.3168852726611576e-05,2.061424498102476e-05,0
40,2025-05-21,-0.009807475083955386,0.008531526075245528,0.3933302899526079,-0.023059049776969598,-0.003612241451258269,-0.009196255872420789,-0.002817877547288572,-0.009807475083955386,0.00330277623580848,0.008531526075245528,0.023163934084373183,-8.36727294110862e-05,-0.003857577018475149,9.61865675224057e-05,7.278693717259436e-05,0
41,2025-05-22,-0.00970103517298282,0.008622674559180105,-0.21058978109093118,-0.003612241451258269,-0.03024438341070823,-0.023059049776969598,-0.004144441006121102,-0.00970103517298282,0.0023096970969252117,0.008622674559180105,0.023233049011215805,-8.364886918379033e-05,0.002042938873433876,9.41100834274498e-05,7.435051655353182e-05,0
42,2025-05-27,-0.008162719482893844,0.021511146096750096,-0.2823356015141605,0.02529833309688767,0.0010488369682313259,-0.03024438341070823,-0.011739075721298287,-0.008162719482893844,-0.00502613006426329,0.021511146096750096,0.01562848510350834,-0.00017558945134331787,0.0023046263151941903,6.662998935641473e-05,0.0004627294063957269,1
43,2025-05-28,-0.00611370091476342,0.02187298456374884,-0.1945122005382982,0.0010488369682313259,-0.0023451157536734657,0.02529833309688767,-0.009196255872420789,-0.00611370091476342,-0.0059364707763913,0.02187298456374884,0.014893999164643387,-0.00013372488573599745,0.0011891894183636395,3.737733887517908e-05,0.00047842745372599505,0
44,2025-05-29,-0.001970914110104194,0.019716451179244976,0.13359373793827478,-0.0023451157536734657,0.004501243745582917,0.0010488369682313259,-0.023059049776969598,-0.001970914110104194,-0.00588919459702979,0.019716451179244976,0.014905743698494314,-3.8859431830354395e-05,-0.00026330178312410774,3.884502429407807e-06,0.0003887384471035506,1
45,2025-05-30,-0.00034821707073595665,0.01988078803691168,0.3779048501073996,0.004501243745582917,0.004231968185255619,-0.0023451157536734657,-0.003612241451258269,-0.00034821707073595665,-0.005024626121859388,0.01988078803691168,0.015264603260204049,-6.922829774135834e-06,-0.00013159291992130947,1.2125512835193022e-07,0.0003952457329686105,1
46,2025-06-02,0.006547053248456813,0.010845004646756142,-0.4998114936620921,0.004231968185255619,0.007783885702387527,0.004501243745582917,-0.03024438341070823,0.006547053248456813,-0.0045115739990371105,0.010845004646756142,0.015503049336357166,7.100282290207403e-05,-0.0032722924631964517,4.2863906238128905e-05,0.0001176141257881623,1
47,2025-06-03,0.0030441637695567845,0.003841373068664189,0.3093528835540449,0.007783885702387527,-0.002213824650510565,0.004231968185255619,0.02529833309688767,0.0030441637695567845,-0.002559277856668529,0.003841373068664189,0.015719512977961553,1.169376872097869e-05,0.0009417208401231423,9.266933055882172e-06,1.4756147052658527e-05,0
48,2025-06-04,0.0023916314458084066,0.004487780888825415,-0.05988581678941651,-0.002213824650510565,-0.010797795842732771,0.007783885702387527,0.0010488369682313259,0.0023916314458084066,-0.001861034734477507,0.004487780888825415,0.015546068529581186,1.0733117895612864e-05,-0.00014322480259148956,5.719900972579609e-06,2.0140177306106636e-05,0
49,2025-06-05,0.0007010954279965453,0.007378945847049329,0.2642441060453169,-0.010797795842732771,0.016398398699723593,-0.002213824650510565,-0.0023451157536734657,0.0007010954279965453,-0.0006349093410538242,0.007378945847049329,0.014105153680277567,5.173345196800379e-06,0.00018526033462340597,4.915347991576591e-07,5.444884181368653e-05,1
50,2025-06-06,0.0030805264188246808,0.010264637241801306,-0.1545257146796164,0.016398398699723593,-0.012112681320761376,-0.010797795842732771,0.004501243745582917,0.0030805264188246808,0.001366154674044362,0.010264637241801306,0.015025255581078515,3.1620486203020626e-05,-0.0004760205464583231,9.489643017076812e-06,0.00010536277770577433,0
51,2025-06-09,-0.0001884034823787184,0.012222206640015188,0.5633167910023451,-0.012112681320761376,0.006056142857262303,0.016398398699723593,0.004231968185255619,-0.0001884034823787184,0.0031793248830390476,0.012222206640015188,0.011457175273309434,-2.3027062933311563e-06,-0.00010613084510724651,3.549587217242805e-08,0.00014938233515123135,1
52,2025-06-10,-0.0005339520514037633,0.011962120272756125,-0.24964796754439178,0.006056142857262303,-0.019193793028711492,-0.012112681320761376,0.007783885702387527,-0.0005339520514037633,0.0012551058590765107,0.011962120272756125,0.00858552500148888,-6.387198658776677e-06,0.0001333000443991081,2.851047931982871e-07,0.00014309232141988305,0
53,2025-06-11,-0.003929945727043948,0.014663501575372224,0.1155478246873205,-0.019193793028711492,0.0021129184846335747,0.006056142857262303,-0.002213824650510565,-0.003929945727043948,-0.000769157140617771,0.014663501575372224,0.01075246570125016,-5.762676535963628e-05,-0.00045409667989915843,1.5444473417510987e-05,0.0002150182784509437,1
54,2025-06-12,-0.0013478028615706793,0.014283597652415936,-0.2801332679673192,0.0021129184846335747,-0.013805280225029803,-0.019193793028711492,-0.010797795842732771,-0.0013478028615706793,-0.00032335371678706706,0.014283597652415936,0.010772263639869351,-1.9251473789450434e-05,0.0003775644201874987,1.8165725536581117e-06,0.00020402116189610202,0
55,2025-06-13,-0.007388538646521359,0.010884544959178398,0.1717974881903035,-0.013805280225029803,0.01002805736938539,0.0021129184846335747,0.016398398699723593,-0.007388538646521359,-0.002154006113848339,0.010884544959178398,0.011398575422943338,-8.042088108068884e-05,-0.001269332380869354,5.459050333113968e-05,0.00011847331896837587,1
56,2025-06-16,-0.0029603909084920054,0.012814748404662046,-0.1637909083664254,0.01002805736938539,-0.014010657964138473,-0.013805280225029803,-0.012112681320761376,-0.0029603909084920054,-0.0015743971954353619,0.012814748404662046,0.011895892068882119,-3.793666467177395e-05,0.0004848851160216129,8.76391433108212e-06,0.00016421777667478845,0
57,2025-06-17,-0.006973751072772161,0.012421215002065196,-0.09680223706262336,-0.014010657964138473,0.004804669485349855,0.01002805736938539,0.006056142857262303,-0.006973751072772161,-0.003753851562087962,0.012421215002065196,0.011986998247076433,-8.662246144578582e-05,0.0006750747045622147,4.8633204024990865e-05,0.00015428658212752948,1
58,2025-06-18,-0.0021740585699598913,0.011083352982530036,0.16827430371472252,0.004804669485349855,0.022484617502937843,-0.014010657964138473,-0.019193793028711492,-0.0021740585699598913,-0.00305200214850192,0.011083352982530036,0.012288855911019834,-2.4095858535559945e-05,-0.0003658381920950261,4.726530665616048e-06,0.00012284071333535745,1
59,2025-06-20,0.0019002812337009622,0.015795836180497392,1.1327049192967462,0.022484617502937843,0.002487441151994396,0.004804669485349855,0.0021129184846335747,0.0019002812337009622,0.00027623918606514144,0.015795836180497392,0.014300324533511547,3.001653106441388e-05,0.00215245790146037,3.611068767156051e-06,0.0002495084406411104,1
60,2025-06-23,0.005158825509105802,0.01321574160448681,-0.4234863939429935,0.002487441151994396,-0.0059553649555199595,0.022484617502937843,-0.013805280225029803,0.005158825509105802,-0.0011148565687077784,0.01321574160448681,0.013191358487175439,6.81777049109774e-05,-0.0021846924118323436,2.6613480633400742e-05,0.00017465582615656358,0
61,2025-06-24,0.0019621410441247322,0.013668807167761698,-0.031359346977387514,-0.0059553649555199595,0.00629057689537782,0.002487441151994396,0.01002805736938539,0.0019621410441247322,-0.0004991249321836366,0.013668807167761698,0.012757544897555628,2.6820127568091562e-05,-6.15314618212809e-05,3.8499974770388945e-06,0.00018683628938945357,1
62,2025-06-25,0.006022388016027991,0.010350388627409179,-0.26890907073098547,0.00629057689537782,-0.002778191195320079,-0.0059553649555199595,-0.014010657964138473,0.006022388016027991,-0.000475681528372085,0.010350388627409179,0.012771137535266996,6.233405643094144e-05,-0.0016194747649715103,3.626915741559756e-05,0.00010713054473840126,0
63,2025-06-26,0.004505815879894004,0.011101684329059827,0.2852169601044383,-0.002778191195320079,0.00039801190502575245,0.00629057689537782,0.004804669485349855,0.004505815879894004,0.0011658786549670563,0.011101684329059827,0.011034814803733963,5.002214554344818e-05,0.0012851351080536727,2.0302376743504977e-05,0.00012324739494209253,1
64,2025-06-27,8.849476031158598e-05,0.0047186517167514585,0.4407459974684591,0.00039801190502575245,0.02034000608920694,-0.002778191195320079,0.022484617502937843,8.849476031158598e-05,0.0009943879970062742,0.0047186517167514585,0.011031786821239032,4.1757595266777403e-07,3.900371140426217e-05,7.831322602605054e-09,2.2265674024001486e-05,1
65,2025-06-30,0.003659007747754095,0.010364466320591913,0.2558349251112879,0.02034000608920694,0.012916230362977066,0.00039801190502575245,0.002487441151994396,0.003659007747754095,0.004408916628429948,0.010364466320591913,0.011224653354519762,3.792366256838219e-05,0.0009361019731282911,1.3388337698124494e-05,0.00010742216211068408,1
66,2025-07-01,0.0074333268114535,0.009377116221686263,-0.14278642365372396,0.012916230362977066,0.02223072103194701,0.02034000608920694,-0.0059553649555199595,0.0074333268114535,0.004697733927789116,0.009377116221686263,0.011420746601151605,6.970316942477604e-05,-0.0010613781512567846,5.5254347485873466e-05,8.793030863501165e-05,1
67,2025-07-02,0.010621355638767338,0.011385962781723049,-0.137672946316042,0.02223072103194701,0.005225057886292905,0.012916230362977066,0.00629057689537782,0.010621355638767338,0.008321871827397664,0.011385962781723049,0.010540709605083404,0.00012093435999444915,-0.0014622733246596057,0.00011281319560517474,0.00012964014846678247,1
68,2025-07-07,0.008770810627174308,0.01582408241752618,0.43692892166679065,-0.01685796223455238,0.00028576554438819457,0.005225057886292905,0.00039801190502575245,0.008770810627174308,0.004429652693742947,0.01582408241752618,0.011921621606479084,0.00013879003023292073,0.003832220829474898,7.692711905775377e-05,0.0002504015843566612,1
69,2025-07-08,0.004759962518210559,0.014657093257864526,-0.14692906488283664,0.00028576554438819457,0.005380768910944633,-0.01685796223455238,0.02034000608920694,0.004759962518210559,0.004209485132982327,0.014657093257864526,0.011981654648476347,6.976721453335184e-05,-0.0006993768416780297,2.2657243174769407e-05,0.00021483038276973775,1
70,2025-07-09,0.003252870227804072,0.013980572150681327,0.13770481856010308,0.005380768910944633,0.006014951043801897,0.00028576554438819457,0.012916230362977066,0.003252870227804072,0.005343098519628786,0.013980572150681327,0.011436964283998647,4.547698691661803e-05,0.00044793590451932093,1.0581164718934116e-05,0.0001954563976604063,1
71,2025-07-11,-0.0022122721011729627,0.009481112547109097,-0.10525249979749618,-0.005884883770447158,-0.012028763324753222,0.006014951043801897,0.005225057886292905,-0.0022122721011729627,0.005004866676958486,0.009481112547109097,0.011717789281074762,-2.0974800776050385e-05,0.0002328471688807137,4.8941478496282356e-06,8.989149513094956e-05,0
72,2025-07-14,-0.001246432319213131,0.007693650118139277,-0.02327879735853422,-0.012028763324753222,0.0023487523440752778,-0.005884883770447158,-0.01685796223455238,-0.001246432319213131,0.0037621891539805887,0.007693650118139277,0.012863549866906122,-9.589614159966718e-06,2.9015445380090314e-05,1.5535935263790244e-06,5.919225214034451e-05,1
73,2025-07-15,-0.0008338349592757144,0.007850088345429003,0.08898535276685693,0.0023487523440752778,0.0050212784395655685,-0.012028763324753222,0.00028576554438819457,-0.0008338349592757144,0.001963063779467422,0.007850088345429003,0.011469977742645122,-6.545678095821553e-06,-7.419909800048723e-05,6.952807393103323e-07,6.162388703104026e-05,1
74,2025-07-16,-0.0009057330535515273,0.007780275591100414,0.12280506805559832,0.0050212784395655685,-0.0006660714311723659,0.0023487523440752778,0.005380768910944633,-0.0009057330535515273,0.0011735685871262723,0.007780275591100414,0.010889297992191942,-7.046852768599792e-06,-0.00011122860928160019,8.203523642957738e-07,6.05326882734729e-05,0
75,2025-07-17,-0.00224193754854638,0.00680744280456234,0.012162432486497288,-0.0006660714311723659,0.00552320145423657,0.0050212784395655685,0.006014951043801897,-0.00224193754854638,-0.001116110659185665,0.00680744280456234,0.00799128409002506,-1.5261861633130186e-05,-2.7267414073138582e-05,5.026283971582152e-06,4.634127753738758e-05,1
76,2025-07-18,3.967949639036572e-05,0.007182662372123941,0.01885866094145605,0.00552320145423657,0.006155862513610666,-0.0006660714311723659,-0.005884883770447158,3.967949639036572e-05,-0.0010862963023912987,0.007182662372123941,0.00801808199928932,2.850044256679076e-07,7.483021687536364e-07,1.574462433793046e-09,5.1590638751925124e-05,1
77,2025-07-23,0.0037766174915324856,0.004487269789854444,0.012610954635474014,-0.001166095219330865,-0.0018211179209767225,0.009036190140318423,0.0050212784395655685,0.0037766174915324856,0.0014354422189904793,0.004487269789854444,0.006476316943116691,1.6946701577589596e-05,4.7626751861253846e-05,1.4262839677349124e-05,2.0135590166940348e-05,0
78,2025-07-24,0.0035456081935716145,0.004792512156311521,-0.02057276869414948,-0.0018211179209767225,0.0005614158591495944,-0.001166095219330865,-0.0006660714311723659,0.0035456081935716145,0.0006518353225126172,0.004792512156311521,0.006333131711842655,1.6992370369209693e-05,-7.294297724643e-05,1.2571337462322167e-05,2.2968172768393702e-05,1
79,2025-07-25,0.002553251074554219,0.004794354925311852,-0.1250211852437716,0.0005614158591495944,0.0007948153451529105,-0.0018211179209767225,0.00552320145423657,0.002553251074554219,0.0012964652854722924,0.004794354925311852,0.005907631757157288,1.2241191864846798e-05,-0.0003192104755657019,6.519091049712274e-06,2.2985839149862015e-05,1
80,2025-07-29,-0.0029237297329949507,0.0057350169364882376,0.3580141581700036,-0.012987666728969671,-0.010507843356575286,0.0007948153451529105,0.009036190140318423,-0.0029237297329949507,0.0010451812451584108,0.0057350169364882376,0.006138119822646991,-1.6767639536440275e-05,-0.0010467366390747967,8.548195551598726e-06,3.289041926180693e-05,0
81,2025-07-30,-0.004792079360443835,0.00649110017190922,-0.11474430917475986,-0.010507843356575286,-0.007079644851470834,-0.012987666728969671,-0.001166095219330865,-0.004792079360443835,-0.0005077309344556746,0.00649110017190922,0.0069333036921441805,-3.11058671603796e-05,0.0005498638357247529,2.2964024596791793e-05,4.2134381441759906e-05,0
82,2025-07-31,-0.005843784746542657,0.006312951937727517,0.77310409228234,-0.007079644851470834,-0.02500361855671096,-0.010507843356575286,-0.0018211179209767225,-0.005843784746542657,-0.0011490882764855215,0.006312951937727517,0.0072394589208916735,-3.689153223934897e-05,-0.0045178539019692454,3.4149820163924624e-05,3.9853362168057615e-05,0
83,2025-08-01,-0.010956791629714769,0.009417694629917558,0.29413346485184344,-0.02500361855671096,0.004793035011813274,-0.007079644851470834,0.0005614158591495944,-0.010956791629714769,-0.004201770277580274,0.009417694629917558,0.010016754740860247,-0.00010318771769229043,-0.0032227590857076814,0.00012005128281698761,8.869297214237801e-05,1
84,2025-08-04,-0.010157147696382696,0.01074164220702968,-0.28079992722711367,0.004793035011813274,-0.0021146570738387327,-0.02500361855671096,0.0007948153451529105,-0.010157147696382696,-0.004338053027760014,0.01074164220702968,0.00986834791489042,-0.00010910444639849867,0.0028521263339793064,0.00010316764932613232,0.00011538287730384147,0
85,2025-08-05,-0.007982545765356508,0.011119317187254823,-0.4121220674403836,-0.0021146570738387327,0.050906762062084,0.004793035011813274,-0.012987666728969671,-0.007982545765356508,-0.0054531377491757295,0.011119317187254823,0.008756569502148226,-8.876045832677682e-05,0.0032897832642562034,6.372103689601112e-05,0.0001236392147107805,1
86,2025-08-14,0.01171204454119299,0.019738234655844344,-0.25704902080038927,-0.002357161460252888,-0.005112222817020617,0.016024473911425474,0.03179366736256095,0.01171204454119299,0.011893541151187348,0.019738234655844344,0.02376891051339031,0.00023117508345376803,-0.0030105695808842026,0.0001371719873348885,0.00038959790732917473,0
87,2025-08-18,0.0032809744082485937,0.009513087119564603,-0.33124430081354495,-0.0030225879499951036,-0.0014292032878627792,-0.005112222817020617,-0.008337359003931955,0.0032809744082485937,0.013101118428975544,0.009513087119564603,0.021525016112224717,3.121219538273079e-05,-0.0010868040738474397,1.0764793067582209e-05,9.049882654442596e-05,0
88,2025-08-20,-0.006331153243350984,0.007614234292440226,0.07261703542405828,-0.019734590701623533,-0.004911316333835347,-0.0014292032878627792,0.016024473911425474,-0.006331153243350984,0.006105528531202387,0.007614234292440226,0.019174872493112314,-4.820688413621722e-05,-0.0004597495793475599,4.0083501390793686e-05,5.797656386017271e-05,0
89,2025-08-21,-0.006841984218067476,0.007362486675277137,-0.2754762338544242,-0.004911316333835347,0.012716805363276906,-0.019734590701623533,-0.002357161460252888,-0.006841984218067476,0.0024350301615627566,0.007362486675277137,0.01711349833542686,-5.037401763797825e-05,0.001884804044484636,4.681274804028441e-05,5.420621004363339e-05,1
90,2025-08-22,-0.0032761785820079716,0.011541275561939835,0.38720233041161034,0.012716805363276906,-0.002634298654397349,-0.004911316333835347,-0.005112222817020617,-0.0032761785820079716,-0.000529079192273374,0.011541275561939835,0.01085186332047391,-3.78112798050793e-05,-0.0012685439817980916,1.0733346101207764e-05,0.00013320104159662965,0
91,2025-08-25,-0.0031985207228884204,0.011544714313311614,-0.2706048806670779,-0.002634298654397349,0.009464670754514737,0.012716805363276906,-0.0030225879499951036,-0.0031985207228884204,4.122684268008659e-05,0.011544714313311614,0.010541329577576121,-3.692600797095376e-05,0.0008655353185283967,1.0230534814746663e-05,0.00013328042857598205,1
92,2025-08-26,-0.0010197459144129172,0.012909418559536104,0.7614473696950919,0.009464670754514737,0.005145914812595631,-0.002634298654397349,-0.0014292032878627792,-0.0010197459144129172,-9.954311757705003e-05,0.012909418559536104,0.01038891571115023,-1.3164326833533229e-05,-0.0007764828442870321,1.0398817299618367e-06,0.0001666530875452952,1
93,2025-08-27,0.003956355188430916,0.007592338178119992,-0.42722047233994986,0.005145914812595631,0.008980837064874514,0.009464670754514737,-0.019734590701623533,0.003956355188430916,-0.0011873990274600343,0.007592338178119992,0.008988033562090773,3.0037986543327157e-05,-0.001690235932346067,1.5652746377024227e-05,5.76435990109384e-05,1
94,2025-08-28,0.006734785868172888,0.0058861241647835275,0.21802012188294762,0.008980837064874514,-0.0018060015285242814,0.005145914812595631,-0.004911316333835347,0.006734785868172888,-5.359917494729416e-05,0.0058861241647835275,0.009523260330160824,3.964178584329504e-05,0.001468318835834606,4.535734069014124e-05,3.464645768324858e-05,0
95,2025-08-29,0.00383022448981265,0.005778493290760612,0.03529115134196714,-0.0018060015285242814,-0.010424716908628007,0.008980837064874514,0.012716805363276906,0.00383022448981265,0.0002770229539023394,0.005778493290760612,0.009384505650746057,2.2132926516489385e-05,0.00013517303214368711,1.4670619642360577e-05,3.3390984711365404e-05,0
96,2025-09-02,0.002272140838966519,0.008408910606036346,0.11814787003023963,-0.010424716908628007,0.03808984120498149,-0.0018060015285242814,-0.002634298654397349,0.002272140838966519,-0.0004631899419609509,0.008408910606036346,0.009948652446080272,1.910622919919388e-05,0.0002684486005326159,5.162623992099476e-06,7.070977758031056e-05,1
97,2025-09-03,0.00799717492905987,0.018372086208302253,0.5071331984136347,0.03808984120498149,0.005493363876168944,-0.010424716908628007,0.009464670754514737,0.00799717492905987,0.003488714507323476,0.018372086208302253,0.015705656130855124,0.0001469247872195614,0.004055632900047464,6.395480684598373e-05,0.0003375335516452899,1
98,2025-09-04,0.008066664741774532,0.018359258209059284,-0.28419426806246784,0.005493363876168944,-0.00037540658420298634,0.03808984120498149,0.005145914812595631,0.008066664741774532,0.006011509965102723,0.018359258209059284,0.013420798351614124,0.00014809798088015317,-0.002292499881993929,6.507108005618838e-05,0.00033706236198691067,0
99,2025-09-05,0.0061954160119590315,0.018716132387194957,0.1539661909508847,-0.00037540658420298634,-0.007551389041256629,0.005493363876168944,0.008980837064874514,0.0061954160119590315,0.00646510094006596,0.018716132387194957,0.013083015182872863,0.00011595422627357264,0.0009538846047174529,3.838317956123835e-05,0.00035029361153500796,0
100,2025-09-08,0.0050463385094125625,0.01949053948150039,-0.10699575727532518,-0.007551389041256629,-0.014839416284502027,-0.00037540658420298634,-0.0018060015285242814,0.0050463385094125625,0.004438281499612606,0.01949053948150039,0.013567877870735968,9.835585995472137e-05,-0.0005399368102822328,2.5465532351580205e-05,0.00037988112927992546,0
101,2025-09-09,0.004163398634237758,0.02044331364394877,0.3533587077419158,-0.014839416284502027,-0.03225946602106422,-0.007551389041256629,-0.010424716908628007,0.004163398634237758,0.0032177697366021383,0.02044331364394877,0.014770456780047101,8.511366410451043e-05,0.0014711731612087114,1.733388818757283e-05,0.00041792907274486194,0
102,2025-09-10,-0.009906462810971383,0.014641830911253971,0.2582701364269029,-0.03225946602106422,0.014286365271970913,-0.014839416284502027,0.03808984120498149,-0.009906462810971383,-0.0009546439409557572,0.014641830911253971,0.018284837881370076,-0.0001450487534068687,-0.002558543501697619,9.813800542515905e-05,0.0002143832124337523,1
103,2025-09-11,-0.00814786253181099,0.01724969379208321,-0.3982727874133517,0.014286365271970913,0.01756300955560164,-0.03225946602106422,0.005493363876168944,-0.00814786253181099,-4.0598895018229e-05,0.01724969379208321,0.018843609079870583,-0.00014054813373372743,0.003245071922005172,6.638766383728939e-05,0.0002975519359206341,1
104,2025-09-12,-0.004560179303850065,0.02077551600441829,0.11184538107017516,0.01756300955560164,0.01123583763910907,0.014286365271970913,-0.00037540658420298634,-0.004560179303850065,0.0008176183540544834,0.02077551600441829,0.019484665719007116,-9.474007811015408e-05,-0.0005100349919874367,2.0795235283262464e-05,0.00043162206524984047,1
105,2025-09-15,-0.0008027339677769251,0.021774199751658896,-0.23510771314232892,0.01123583763910907,0.006125935389198034,0.01756300955560164,-0.007551389041256629,-0.0008027339677769251,0.0021218022708178186,0.021774199751658896,0.019724538407579865,-1.7478889761816482e-05,0.0001887289474257008,6.443818230228855e-07,0.0004741157748251423,1
106,2025-09-16,0.003390336366963087,0.020368676403597054,0.48528905490696617,0.006125935389198034,0.003527220020250743,0.01123583763910907,-0.014839416284502027,0.003390336366963087,0.003776867500600423,0.020368676403597054,0.01924330263837841,6.905666435801799e-05,0.0016452931313402338,1.1494380681152463e-05,0.0004148829784344514,1
107,2025-09-17,0.010547673575226079,0.00575553778988149,-0.2666793858826163,0.003527220020250743,-0.004644573125239804,0.006125935389198034,-0.03225946602106422,0.010547673575226079,0.000320605382127348,0.00575553778988149,0.015040563483094535,6.07075338575481e-05,-0.0028128471115315907,0.00011125341784952249,3.312621525075391e-05,0
108,2025-09-18,0.006761485895783936,0.008331496256491482,-0.04855938763223533,-0.004644573125239804,0.03203293872010393,0.003527220020250743,0.014286365271970913,0.006761485895783936,-0.0006931883180135267,0.008331496256491482,0.01499475737830785,5.633329442904381e-05,-0.0003283336145832641,4.571769151888509e-05,6.941382987193157e-05,1
109,2025-09-24,0.011141685914177768,0.024470267956882855,-0.29815745115735826,-0.008332350414175016,0.018072966979806315,-0.006443258425658294,0.003527220020250743,0.011141685914177768,0.010844679744701925,0.024470267956882855,0.016761606403977395,0.0002726400398113573,-0.0033219766737670846,0.00012413716501018728,0.0005987940138816478,1
110,2025-09-26,0.008180786059690614,0.022306482895807157,-0.1653161745658227,-0.005489100657377954,-0.004031962461707783,0.018072966979806315,0.03203293872010393,0.008180786059690614,0.008918128894187504,0.022306482895807157,0.017491288070352277,0.0001824845643147463,-0.0013524162563294624,6.692526055442828e-05,0.0004975791791809372,0
111,2025-09-29,-0.0012447409958225464,0.010911184910490035,-0.12910324830769837,-0.004031962461707783,0.0007861150085717306,-0.005489100657377954,0.04309567281585802,-0.0012447409958225464,0.00739134888410582,0.010911184910490035,0.01792741211276534,-1.3581599171087309e-05,0.00016070010586244994,1.5493801466813045e-06,0.00011905395615090543,1
112,2025-09-30,0.00020113369102345847,0.01052215340597624,-0.06039219790817818,0.0007861150085717306,0.0032203416899190263,-0.004031962461707783,-0.006443258425658294,0.00020113369102345847,0.006857366846043189,0.01052215340597624,0.01804840842664835,2.116359552059056e-06,-1.2146905674291065e-05,4.045476166472006e-08,0.00011071571229889738,1
113,2025-10-01,0.0025116721118422667,0.009387027966722347,0.2919985253671331,0.0032203416899190263,0.00657662791005964,0.0007861150085717306,-0.008332350414175016,0.0025116721118422667,0.006826679013010017,0.009387027966722347,0.018054959544217524,2.3577136357099936e-05,0.0007334045528636949,6.308496797406192e-06,8.811629404802749e-05,1
114,2025-10-02,0.00021240429789293191,0.00501003945754248,-0.12488632607941474,0.00657662791005964,0.003461279462880995,0.0032203416899190263,0.018072966979806315,0.00021240429789293191,0.007948799116539961,0.00501003945754248,0.017605918960386616,1.0641539133951958e-06,-2.652639240732584e-05,4.511558576338936e-08,2.5100495366132544e-05,1
115,2025-10-03,0.002002480321944722,0.003950574378739199,0.15306988942111466,0.003461279462880995,-0.005154576259537191,0.00657662791005964,-0.005489100657377954,0.002002480321944722,0.005091633190817668,0.003950574378739199,0.015449464294503473,7.91094745380424e-06,0.00030651944144803665,4.009927439775837e-06,1.560703792195061e-05,0
116,2025-10-06,0.0017779575623788403,0.004387056488733216,-0.09137310906590501,-0.005154576259537191,-0.0008181444267610916,0.003461279462880995,-0.004031962461707783,0.0017779575623788403,0.0002666082832781469,0.004387056488733216,0.00800029617215218,7.800000260726382e-06,-0.0001624575102617924,3.1611330936201075e-06,1.9246264635336212e-05,0
117,2025-10-07,0.0014571056753122757,0.00453393655559514,-0.28453052899308395,-0.0008181444267610916,0.006160270999708617,-0.005154576259537191,0.0007861150085717306,0.0014571056753122757,0.0008291196831678671,0.00453393655559514,0.0076669046051451315,6.60642468666347e-06,-0.00041459104859542663,2.123156949027243e-06,2.055658069016192e-05,1
118,2025-10-08,0.002045091537270194,0.0049876960792718085,0.1421056584407212,0.006160270999708617,-0.015577801150541859,-0.0008181444267610916,0.0032203416899190263,0.002045091537270194,0.0022783818245562305,0.0049876960792718085,0.007090822460447583,1.0200295042194502e-05,0.0002906190794753276,4.182399395814164e-06,2.487711217918337e-05,0
119,2025-10-09,-0.002385794274850106,0.008534872994144595,0.05000698689477745,-0.015577801150541859,-0.034522045132806656,0.006160270999708617,0.00657662791005964,-0.002385794274850106,-0.001086694988478587,0.008534872994144595,0.006738404024097675,-2.0362451126002957e-05,-0.00011930638303606432,5.692014321907543e-06,7.284405702617874e-05,0
120,2025-10-13,-0.0070026721417999925,0.018185318492198062,-0.3847830049145875,0.009744359001401026,0.0004441421356069508,-0.034522045132806656,-0.005154576259537191,-0.0070026721417999925,-0.0026123572897105763,0.018185318492198062,0.013302284424517564,-0.00012734582319507562,0.0026945092291534717,4.903741712554169e-05,0.0003307058086626808,1
121,2025-10-14,-0.0067502148293263845,0.018301032901189784,-0.06986621363346779,0.0004441421356069508,0.006336473629484196,0.009744359001401026,-0.0008181444267610916,-0.0067502148293263845,-0.0026465545770070543,0.018301032901189784,0.013293013279443091,-0.00012353590368160134,0.0004716119513375195,4.556540024205783e-05,0.00033492780525043095,1
122,2025-10-15,-0.0067149743033712685,0.01833225151205266,-0.04465866170584587,0.006336473629484196,-0.007579986804138628,0.0004441421356069508,0.006160270999708617,-0.0067149743033712685,-0.002334941383050537,0.01833225151205266,0.013481020051054173,-0.0001231005978263727,0.0002998817657777055,4.509087989493645e-05,0.0003360714455011571,0
123,2025-10-16,-0.005115411434090622,0.01770375187668053,0.1735843935138197,-0.007579986804138628,0.019559457191237417,0.006336473629484196,-0.015577801150541859,-0.005115411434090622,-0.003750602854470364,0.01770375187668053,0.013181192724396162,-9.056197477627489e-05,-0.0008879555913602794,2.6167434140025076e-05,0.0003134228305110694,1
124,2025-10-17,0.0057008890307181925,0.010159091734819312,0.23556326520350956,0.019559457191237417,0.0394388237214669,-0.007579986804138628,-0.034522045132806656,0.0057008890307181925,-0.0021407850816347216,0.010159091734819312,0.015015277756327132,5.791585463309127e-05,0.0013429200346388483,3.250013574056301e-05,0.00010320714487647405,1
125,2025-10-21,0.011955163402341373,0.018200654249504195,-0.48392626239183056,0.002021049273656983,-0.016440179021178225,0.0394388237214669,0.0004441421356069508,0.011955163402341373,0.0026024742865074944,0.018200654249504195,0.019831216745368644,0.00021759179558234154,-0.005785417541578661,0.00014292593197668256,0.0003312638151099951,0
126,2025-10-22,0.007399832872208889,0.022338452698382655,-0.03599031178326151,-0.016440179021178225,0.004372053262009956,0.002021049273656983,0.006336473629484196,0.007399832872208889,0.0003424292844188104,0.022338452698382655,0.020651556604892457,0.00016530081659177533,-0.0002663222922148254,5.475752653662325e-05,0.0004990064689578793,1
127,2025-10-23,0.009790240885438607,0.02092981172463695,-0.2723607306849005,0.004372053262009956,0.012481779466614773,-0.016440179021178225,-0.007579986804138628,0.009790240885438607,0.0023374147256739917,0.02092981172463695,0.01989239266943808,0.00020490789847107298,-0.0026664771611392465,9.584881659491371e-05,0.00043805701882875035,1
128,2025-10-24,0.008374705340514077,0.020334798767290222,0.16787717257570622,0.012481779466614773,0.02279127405766279,0.004372053262009956,0.019559457191237417,0.008374705340514077,0.007037797185616135,0.020334798767290222,0.01521957065125544,0.0001702979478347045,0.0014059218537201702,7.0135689540435e-05,0.0004135040409061879,1
129,2025-10-27,0.005045195407753255,0.014503844183986252,0.17343420375022545,0.02279127405766279,0.0007068103233436318,0.012481779466614773,0.0394388237214669,0.005045195407753255,0.008342488691242312,0.014503844183986252,0.01601576422960244,7.31747280718162e-05,0.0008750094483079799,2.5453996702414536e-05,0.00021036149611335182,1
130,2025-10-28,0.0047823476176905855,0.014584038063495666,-0.07470560191765319,0.0007068103233436318,0.0026022346664624774,0.02279127405766279,0.002021049273656983,0.0047823476176905855,0.00836875551001598,0.014584038063495666,0.01600158027297204,6.974593968926732e-05,-0.00035726815735902994,2.287084873643082e-05,0.00021269416623749041,1
131,2025-10-29,0.008590830355218727,0.009118815941260251,0.2299734198792338,0.0026022346664624774,0.006303229091240592,0.0007068103233436318,-0.016440179021178225,0.008590830355218727,0.007995331613713807,0.009118815941260251,0.01609756116802658,7.833820079183099e-05,0.0019756626363919834,7.380236619214751e-05,8.315280417058207e-05,1
132,2025-10-30,0.008977065521064854,0.00893448890600938,0.36799793292579097,0.006303229091240592,-0.003795042898427692,0.0026022346664624774,0.004372053262009956,0.008977065521064854,0.00938365320325173,0.00893448890600938,0.01517740125169476,8.020549230647325e-05,0.0033035415554912547,8.058770536949139e-05,7.982509201160468e-05,0
133,2025-10-31,0.00572170104805636,0.01021221220432833,0.2329577243101315,-0.003795042898427692,-0.004882257880291285,0.006303229091240592,0.012481779466614773,0.00572170104805636,0.007048203194285218,0.01021221220432833,0.015234352101197,5.843122527247936e-05,0.001332914455338104,3.273786288332925e-05,0.00010428927810623249,0
134,2025-11-03,0.0001869946604655448,0.004611557780851739,-0.41747372256928683,-0.004882257880291285,0.003679658451690937,-0.003795042898427692,0.02279127405766279,0.0001869946604655448,0.0026160950341094003,0.004611557780851739,0.010464315719892692,8.623366814476122e-07,-7.806535700513084e-05,3.496700304262439e-08,2.1266465166134215e-05,1
135,2025-11-04,0.0007815642861350059,0.004879210681576907,-0.01832468034410073,0.003679658451690937,0.0003703646251622672,-0.004882257880291285,0.0007068103233436318,0.0007815642861350059,0.0027819559519127956,0.004879210681576907,0.010466980465656852,3.8134168132489507e-06,-1.432191571178926e-05,6.108427333617213e-07,2.3806696875214187e-05,1
136,2025-11-05,0.0003351902778749638,0.004771917414729336,-0.11347991265312085,0.0003703646251622672,-0.0013697625428008564,0.003679658451690937,0.0026022346664624774,0.0003351902778749638,0.004463010316546845,0.004771917414729336,0.008124619530585601,1.5995003242395047e-06,-3.80373634554262e-05,1.1235252238189543e-07,2.2771195812997106e-05,0
137,2025-11-11,0.004066309605059293,0.010366522909053627,0.11850921273031823,0.02160110352909128,-0.0064667915516215535,0.004548721603090611,0.003679658451690937,0.004066309605059293,0.0024239369455971494,0.010366522909053627,0.007831984677675593,4.215349167615197e-05,0.00048189515001330807,1.6534873804197464e-05,0.00010746479722393368,0
138,2025-11-12,0.0026988783697025286,0.011377566289205191,0.047387590541093205,-0.0064667915516215535,-0.0019014401037990014,0.02160110352909128,0.0003703646251622672,0.0026988783697025286,0.0015170343237887463,0.011377566289205191,0.008318976936309662,3.070666755779255e-05,0.0001278933431036766,7.283944454448179e-06,0.0001294490146652584,0
139,2025-11-13,0.0025925428575028996,0.011427473623224896,0.02489359064424157,-0.0019014401037990014,-0.00197847614027602,-0.0064667915516215535,-0.0013697625428008564,0.0025925428575028996,0.0006965674042847869,0.011427473623224896,0.008198204700500346,2.9626215121194486e-05,6.453770062232949e-05,6.7212784679893e-06,0.00013058715340950072,0
140,2025-11-14,0.0031606234672970634,0.011030639982168872,-0.043777770609723654,-0.00197847614027602,-0.01817114312581336,-0.0019014401037990014,-0.0048188791892468386,0.0031606234672970634,0.0008782240800999542,0.011030639982168872,0.008107241935296937,3.48636995869482e-05,-0.00013836504913504024,9.989540702028912e-06,0.0001216750184162225,0
141,2025-11-17,-0.0013833494784837308,0.014461838338825564,-0.05087357926095215,-0.01817114312581336,-7.469218596389826e-05,-0.00197847614027602,0.004548721603090611,-0.0013833494784837308,-0.0004506644444522534,0.014461838338825564,0.010019881001731852,-2.0005776523930368e-05,7.03759393392389e-05,1.91365577962121e-06,0.00020914476813832495,0
142,2025-11-18,-0.005718508621494767,0.007349124989224577,0.01463849145791829,-7.469218596389826e-05,0.004187757744410714,-0.01817114312581336,0.02160110352909128,-0.005718508621494767,-0.0008260995082177369,0.007349124989224577,0.009917741738036405,-4.202603461132338e-05,-8.371033960778324e-05,3.2701340854109976e-05,5.4009638107245135e-05,1
143,2025-11-19,-0.003587598762288313,0.008528025185490118,-0.11499804060222474,0.004187757744410714,-0.00860139398019577,-7.469218596389826e-05,-0.0064667915516215535,-0.003587598762288313,-0.00044436019629289224,0.008528025185490118,0.010041604562718529,-3.059513260022791e-05,0.00041256682813012264,1.2870864879172637e-05,7.272721356435377e-05,0
144,2025-11-20,-0.004927589537567667,0.008721037629401669,0.13356009350764997,-0.00860139398019577,0.01968065895668869,0.004187757744410714,-0.0019014401037990014,-0.004927589537567667,-0.0011675233400323837,0.008721037629401669,0.010370661508260614,-4.2973693779373594e-05,-0.0006581293194048552,2.4281138650746334e-05,7.605649733343988e-05,1
145,2025-11-21,-0.000595762518174725,0.014206257308216605,0.2882182979949197,0.01968065895668869,0.016317525903571717,-0.00860139398019577,-0.00197847614027602,-0.000595762518174725,0.0012824304745611692,0.014206257308216605,0.01215294728621448,-8.463555627781215e-06,-0.00017170965899748666,3.549329780618896e-07,0.0002018177467072577,1
146,2025-11-24,0.006301971287702291,0.011689125825731785,0.11104372632591808,0.016317525903571717,0.0038054245067611348,0.01968065895668869,-0.01817114312581336,0.006301971287702291,0.00245931090460928,0.011689125825731785,0.01304173689450916,7.366453533210104e-05,0.0006997943749854068,3.971484211102407e-05,0.00013663566256978977,1
147,2025-11-25,0.007077994626247297,0.011281649900860752,-0.2846896736793635,0.0038054245067611348,0.002094015298321983,0.016317525903571717,-7.469218596389826e-05,0.007077994626247297,0.0006797430023762652,0.011281649900860752,0.011227532076675806,7.985145737349574e-05,-0.0020150319804506313,5.009800792918561e-05,0.0001272756244855914,1
148,2025-11-26,0.006659246137029551,0.011453300039337061,-0.2873927297065707,0.002094015298321983,0.0046838874009274,0.0038054245067611348,0.004187757744410714,0.006659246137029551,0.0015358236873706187,0.011453300039337061,0.010944891032392176,7.627034404319572e-05,-0.0019138189251088587,4.434555911354299e-05,0.00013117808179107833,1
149,2025-11-28,0.009316302413254185,0.008068883011886121,-0.3977039549644945,0.0046838874009274,0.01524118957389331,0.002094015298321983,-0.00860139398019577,0.009316302413254185,0.0021943564378432588,0.008068883011886121,0.01091316547589564,7.517215427590037e-05,-0.003705130315396454,8.679349065520575e-05,6.510687305950445e-05,1
150,2025-12-02,0.007347867461631319,0.005528931690517678,0.1520100799137969,0.010914820528252767,-0.007128107299873898,0.01524118957389331,0.016317525903571717,0.007347867461631319,0.006824919374666805,0.005528931690517678,0.008638117978211008,4.0625857266337085e-05,0.0011169499200385648,5.3991156233700285e-05,3.056908563841067e-05,0
151,2025-12-03,0.005161161100304313,0.008593207524078677,-0.18876270507457682,-0.007128107299873898,-0.012141483369261685,0.010914820528252767,0.0038054245067611348,0.005161161100304313,0.006119577863275804,0.008593207524078677,0.009508247806015412,4.43509284001172e-05,-0.0009742347306191213,2.6637583903294425e-05,7.384321555188238e-05,0
152,2025-12-04,0.0023140613667875787,0.011670658721920536,0.010344819666181948,-0.012141483369261685,-0.006840070477014848,-0.007128107299873898,0.002094015298321983,0.0023140613667875787,0.004486653751908565,0.011670658721920536,0.011139175133521426,2.700662047335881e-05,2.393854753589602e-05,5.3548800092587965e-06,0.00013620427500353986,0
153,2025-12-08,-0.003677458817132817,0.008756692380179542,-0.19155499325093406,-0.0031924534677664207,-0.0025550193698475887,-0.006840070477014848,0.01524118957389331,-0.003677458817132817,0.002375474859781146,0.008756692380179542,0.009759717793053086,-3.220237560241101e-05,0.0007044355988964646,1.3523703351707897e-05,7.667966144109446e-05,0
154,2025-12-09,-0.006371426796752888,0.0038326421111076255,-0.15750370304460926,-0.0025550193698475887,0.005772445948890148,-0.0031924534677664207,0.010914820528252767,-0.006371426796752888,0.00048822033243921535,0.0038326421111076255,0.008508691713845367,-2.4419398649074686e-05,0.0010035233141662328,4.059507942638077e-05,1.4689145551835517e-05,1
155,2025-12-10,-0.003791316147000079,0.006564541249414745,0.026247697502275402,0.005772445948890148,-0.0026902907054526803,-0.0025550193698475887,-0.007128107299873898,-0.003791316147000079,0.0006849224766521167,0.006564541249414745,0.008615959298027415,-2.4888251236554197e-05,-9.951331936195037e-05,1.4374078126503525e-05,4.30932018152677e-05,0
156,2025-12-11,-0.001901077614238278,0.00463666806798227,0.006347178880269366,-0.0026902907054526803,0.0008992558753764257,0.005772445948890148,-0.012141483369261685,-0.001901077614238278,0.0002064918762746504,0.00463666806798227,0.008661731637740947,-8.814665868694539e-06,-1.2066479682846071e-05,3.614096095357903e-06,2.1498690772646437e-05,1
157,2025-12-15,-0.0027117288361437454,0.007675928556736216,0.2751176867874605,-0.014985035929685031,0.0018241206270945831,0.0008992558753764257,-0.0031924534677664207,-0.0027117288361437454,-0.003194593826638281,0.007675928556736216,0.0077798153976051795,-2.081503681148084e-05,-0.0007460445645947198,7.353473280773512e-06,5.891987920811854e-05,1
158,2025-12-16,-0.001835900836755311,0.00794344880870776,-0.25313881818957296,0.0018241206270945831,-0.010086976563313366,-0.014985035929685031,-0.0025550193698475887,-0.001835900836755311,-0.0041036638167541,0.00794344880870776,0.0063471567339517514,-1.4583384314629554e-05,0.00046473776812948754,3.370531882398851e-06,6.309837897656072e-05,0
159,2025-12-17,-0.005007785339196014,0.0072849600077296165,0.33175470004196694,-0.010086976563313366,0.0012875132341483297,0.0018241206270945831,0.005772445948890148,-0.005007785339196014,-0.004399550743098046,0.0072849600077296165,0.006568907145339927,-3.6481515923337653e-05,-0.0016613563230795333,2.5077914003466537e-05,5.30706423142199e-05,1
160,2025-12-18,-0.004212224551275812,0.007800288250613253,0.029757452825861064,0.0012875132341483297,0.005437456457254575,-0.010086976563313366,-0.0026902907054526803,-0.004212224551275812,-0.0030566510827570448,0.007800288250613253,0.006170955721700366,-3.28565656762614e-05,-0.00012534507337652376,1.7742835670370716e-05,6.0844496792655166e-05,1
161,2025-12-23,-0.0016196601194475412,0.007802349995317199,-0.18948479429505793,0.005129726100470355,0.0053238158353827725,-0.0098660198257976,0.0018241206270945831,-0.0016196601194475412,-0.001727780478101426,0.007802349995317199,0.007423813618825494,-1.2637155125386978e-05,0.0003069009645614263,2.6232989025288234e-06,6.08766654494263e-05,1
162,2025-12-24,0.0014624983602916863,0.006567430393641583,-0.3957695162269752,0.0053238158353827725,-0.0014973530252399003,0.005129726100470355,-0.010086976563313366,0.0014624983602916863,-0.0017726434894521637,0.006567430393641583,0.007374645490823094,9.604856182030599e-06,-0.0005788122685353852,2.138901453855871e-06,4.313114197532724e-05,0
163,2025-12-26,0.0009055251084140403,0.006702678052741961,0.20162361953256736,-0.0014973530252399003,0.0013168132449112857,0.0053238158353827725,0.0012875132341483297,0.0009055251084140403,-0.0016533497214308857,0.006702678052741961,0.007367797525822325,6.069443270373573e-06,0.00018257524993605927,8.199757219682596e-07,4.4925893078708765e-05,1
164,2025-12-29,8.139646594538253e-05,0.0062437646576158036,0.10191526731035516,0.0013168132449112857,-0.002483993295382736,-0.0014973530252399003,0.005437456457254575,8.139646594538253e-05,-0.0016115939844773997,0.0062437646576158036,0.0073850344220345405,5.082203773246078e-07,8.295542584941882e-06,6.625384668397818e-09,3.898459709969219e-05,0
165,2025-12-31,-0.0003616637480236662,0.0038011432744797344,0.23279553379464857,-0.004467601499789753,-0.003126523879828924,-0.002483993295382736,0.005129726100470355,-0.0003616637480236662,-0.0009906619337356037,0.0038011432744797344,0.005823876236346297,-1.374735723423292e-06,-8.419370527534264e-05,1.3080066663452592e-07,1.4448690193122518e-05,0
166,2026-01-05,-0.004519683743469649,0.005633978012138319,0.20638192721093285,-0.013837113287258118,-0.018334308830022295,-0.003126523879828924,-0.0014973530252399003,-0.004519683743469649,-0.0018070793175278045,0.005633978012138319,0.006500022504202816,-2.546379883252701e-05,-0.0009327810413611896,2.042754114098382e-05,3.1741708241258046e-05,0
167,2026-01-06,-0.008449908158456365,0.00718527456662016,0.1468852415920363,-0.018334308830022295,-0.00773747740562758,-0.013837113287258118,0.0013168132449112857,-0.008449908158456365,-0.0041842558462554915,0.00718527456662016,0.007777524365299997,-6.071491018123271e-05,-0.0012411668012853817,7.140094788634744e-05,5.162817059771852e-05,0
168,2026-01-07,-0.009500604980505334,0.006440269418970151,-0.0772137125349317,-0.00773747740562758,-0.004955108337700187,-0.018334308830022295,-0.002483993295382736,-0.009500604980505334,-0.003971401604238489,0.006440269418970151,0.007632524262237772,-6.118645571766401e-05,0.0007335769818726793,9.026149499560276e-05,4.147707018892213e-05,0
169,2026-01-08,-0.00959810634808742,0.0063480541086451125,0.04366608845410247,-0.004955108337700187,0.0012738954148727721,-0.00773747740562758,-0.004467601499789753,-0.00959810634808742,-0.004979885048055544,0.0063480541086451125,0.006930332719272271,-6.0929298438189084e-05,-0.0004191117607874677,9.212364546919604e-05,4.02977909662861e-05,1
170,2026-01-09,-0.008718022489147081,0.007642602118415665,-0.20671250890036152,0.0012738954148727721,0.0033928502238405045,-0.004955108337700187,-0.003126523879828924,-0.008718022489147081,-0.0053848770901065435,0.007642602118415665,0.006355827920894789,-6.662837714395089e-05,0.001802124301381368,7.600391612127427e-05,5.8409367140411615e-05,1
171,2026-01-12,-0.005272029786927357,0.008583869863205208,0.1316798759906994,0.0033928502238405045,0.0030738623692765366,0.0012738954148727721,-0.013837113287258118,-0.005272029786927357,-0.004895856765198503,0.008583869863205208,0.00685657171949814,-4.525441760592591e-05,-0.0006942202285618677,2.779429807424931e-05,7.36828218284426e-05,1
172,2026-01-13,-0.0009903955470675907,0.005052229967484181,0.010317295498831314,0.0030738623692765366,-0.0041753602144793955,0.0033928502238405045,-0.018334308830022295,-0.0009903955470675907,-0.004720151852761978,0.005052229967484181,0.00705316015829431,-5.0037060625577714e-06,-1.021820351982303e-05,9.808833396513122e-07,2.552502764434521e-05,0
173,2026-01-14,-0.00027797210883795387,0.004005722816397758,-0.12489175785247575,-0.0041753602144793955,-0.00673187624656213,0.0030738623692765366,-0.00773747740562758,-0.00027797210883795387,-0.004889288544671644,0.004005722816397758,0.007013747885378422,-1.1134792186943928e-06,3.4716425306731766e-05,7.726849329181928e-08,1.604581528180959e-05,0
174,2026-01-15,-0.0006333256906103424,0.004564240232570029,-0.015762355257699978,-0.00673187624656213,-0.010379073276537754,-0.0041753602144793955,-0.004955108337700187,-0.0006333256906103424,-0.005115716019348881,0.004564240232570029,0.0070351383944320086,-2.8906505974039233e-06,9.982704529228399e-06,4.011014303870671e-07,2.0832288900610913e-05,0
175,2026-01-16,-0.0029639194288924474,0.006072744918923708,0.8315654783363715,-0.010379073276537754,-0.03455563492367564,-0.00673187624656213,0.0012738954148727721,-0.0029639194288924474,-0.005840970959019765,0.006072744918923708,0.007179636690227955,-1.7999126651905867e-05,-0.002464693077637413,8.784818380966131e-06,3.6878230850313707e-05,0
176,2026-01-20,-0.010553616458395676,0.014292685068667318,0.11261969316411347,-0.03455563492367564,0.003850831106810837,-0.010379073276537754,0.0033928502238405045,-0.010553616458395676,-0.007912823122661516,0.014292685068667318,0.011458100325498977,-0.00015083951637535352,-0.0011885450473162588,0.00011137882035092008,0.0002042808464721057,1
177,2026-01-21,-0.010398222710888815,0.014480871695660548,-0.31925499112343103,0.003850831106810837,0.0028266120532465244,-0.03455563492367564,0.0030738623692765366,-0.010398222710888815,-0.005694309128978203,0.014480871695660548,0.011363443925847722,-0.00015057532893928454,0.0033196844992642678,0.00010812303554524393,0.0002096956450661828,1
178,2026-01-22,-0.008997828257343632,0.015533426006732982,-0.2732967678531232,0.0028266120532465244,-0.001248289505752287,0.003850831106810837,-0.0041753602144793955,-0.008997828257343632,-0.004637900183090793,0.015533426006732982,0.011640075807697204,-0.00013976709945673848,0.0024590773804295143,8.096091334865154e-05,0.00024128732350664855,0
179,2026-01-23,-0.007901110909181663,0.015922124243211457,0.04988125908185448,-0.001248289505752287,0.029712962519965025,0.0028266120532465244,-0.00673187624656213,-0.007901110909181663,-0.004267218299896003,0.015922124243211457,0.011687776483839516,-0.0001258024695553839,-0.00039411736029535733,6.24275535991895e-05,0.000253514040416262,1
180,2026-01-26,0.00011729625011889234,0.02291975194697055,0.34254119791791604,0.029712962519965025,0.011197578028024013,-0.001248289505752287,-0.010379073276537754,0.00011729625011889234,-0.0014233115893867777,0.02291975194697055,0.015890275732854797,2.688400957034827e-06,4.0178798027004884e-05,1.3758410291953751e-08,0.0005253150293106603,1
181,2026-01-27,0.009267938840458822,0.01227954911893153,-0.11293532871650835,0.011197578028024013,-0.007085445328186779,0.029712962519965025,-0.03455563492367564,0.009267938840458822,-0.0006428388089684267,0.01227954911893153,0.016338461196103864,0.00011380611022266743,-0.0010466777194717124,8.589469035048522e-05,0.0001507873265642521,0
182,2026-01-28,0.007080683553459299,0.014294378225143546,-0.16839045848498335,-0.007085445328186779,0.007175077196164281,0.011197578028024013,0.003850831106810837,0.007080683553459299,-0.0016587695787147582,0.014294378225143546,0.01639742522516284,0.00010121396880570063,-0.0011923195499540925,5.013607958422901e-05,0.00020432924884345797,1
183,2026-01-29,0.00795037658204285,0.014101834556050305,0.6288752179810115,0.007175077196164281,0.0046461394466286166,-0.007085445328186779,0.0028266120532465244,0.00795037658204285,-0.0005237258376503906,0.014101834556050305,0.016595516006192048,0.00011211489521826497,0.0049997948060633264,6.320848779629535e-05,0.0001988617378462145,1
184,2026-01-30,0.009129262372519032,0.013367877712096103,0.37456172958827105,0.0046461394466286166,0.04058122413384724,0.007175077196164281,-0.001248289505752287,0.009129262372519032,0.000614075731668684,0.013367877712096103,0.016512422310532897,0.00012203886299747476,0.0034194723041158516,8.334343146629183e-05,0.00017870015452555574,1
185,2026-02-02,0.011302914695295475,0.017725080979199708,-0.20044697620381768,0.04058122413384724,-0.0019629122599374993,0.0046461394466286166,0.029712962519965025,0.011302914695295475,0.005710105472707183,0.017725080979199708,0.020195624526455413,0.0002003450782750987,-0.0022656350729616734,0.0001277558806091264,0.0003141784957191873,0
186,2026-02-03,0.008670816637703171,0.018695222323802125,-0.12878179058195127,-0.0019629122599374993,0.026012954335186356,0.04058122413384724,0.011197578028024013,0.008670816637703171,0.008969377739080997,0.018695222323802125,0.014914892052781624,0.0001621028447707832,-0.0011166432924111886,7.518306116467012e-05,0.0003495113377363893,1
187,2026-02-05,0.013435950959861654,0.01904419484961327,-0.4149098190195669,-0.0020976508564164442,0.008009793893585249,0.026012954335186356,0.007175077196164281,0.013435950959861654,0.010693163770952252,0.01904419484961327,0.016060307167747066,0.00025587686806945376,-0.0055747079811119754,0.0001805247781958073,0.00036268135747003654,1
188,2026-02-06,0.01410868184925298,0.01871259595634834,-0.04764295718551681,0.008009793893585249,-0.01166051394653178,-0.0020976508564164442,0.0046461394466286166,0.01410868184925298,0.011618972110886005,0.01871259595634834,0.015554321134575878,0.0002640100629217365,-0.0006721793252880379,0.0001990549035234405,0.00035016124742554423,0
189,2026-02-09,0.003660334233177176,0.014300883776206398,-0.11555217289617747,-0.01166051394653178,-0.003422920610733904,0.008009793893585249,0.04058122413384724,0.003660334233177176,0.007481624464236325,0.014300883776206398,0.01570844670268166,5.234601445073636e-05,-0.0004229595741698862,1.3398046698568743e-05,0.00020451527678056337,0
190,2026-02-10,0.0033683325630178952,0.014458443729416712,-0.22962167831227565,-0.003422920610733904,0.0066501292492171515,-0.01166051394653178,-0.0019629122599374993,0.0033683325630178952,0.006019574600360534,0.014458443729416712,0.016001814392465178,4.8700846824356214e-05,-0.0007734421762340581,1.1345664255086703e-05,0.00020904659507670946,1
191,2026-02-11,-0.0005042324541759457,0.008049749616134855,0.5106452297909352,0.0066501292492171515,-0.049981811301894274,-0.003422920610733904,0.026012954335186356,-0.0005042324541759457,0.007393132058100926,0.008049749616134855,0.015327216263883095,-4.058945004445555e-06,-0.000257483897430723,2.542503678442972e-07,6.479846888246325e-05,0
192,2026-02-12,-0.010081064543271512,0.023696556382963047,0.5612395607273455,-0.049981811301894274,-0.022733396848946263,0.0066501292492171515,-0.0020976508564164442,-0.010081064543271512,0.0016774432082950707,0.023696556382963047,0.023756771228806126,-0.000238886514349923,-0.005657892235929721,0.00010162786232560606,0.0005615267844109467,0
193,2026-02-23,0.008117045609194018,0.01697194480704641,-0.1131980841682414,0.006047343656806037,0.022390946489790453,0.015350373037534393,-0.022733396848946263,0.008117045609194018,-0.004056328541291898,0.01697194480704641,0.022420176330556495,0.0001377620500755193,-0.0009188340120669988,6.588642942173588e-05,0.00028804691053342966,1
194,2026-02-24,0.006261662194529794,0.014000701983357738,0.26016800596115597,0.022390946489790453,0.007679856784716499,0.006047343656806037,0.031667863563111576,0.006261662194529794,-0.0006511824976596747,0.014000701983357738,0.02368699428741205,8.766766630606945e-05,0.0016290841671531722,3.920841343840367e-05,0.0001960196560267973,1
195,2026-02-25,0.007441410107478652,0.013775481761478024,-0.2828972276697026,0.007679856784716499,-0.004667610137537803,0.022390946489790453,0.0017811172199722058,0.007441410107478652,0.00045909524188536555,0.013775481761478024,0.023802567093382444,0.00010250900921525039,-0.0021051542893590143,5.537458438768544e-05,0.00018976389776081368,0
196,2026-02-26,0.009360181966261916,0.010201232215102168,-0.040611847198369855,-0.004667610137537803,-0.03213049693728531,0.007679856784716499,-0.014261469431454121,0.009360181966261916,-0.00067267869679013,0.010201232215102168,0.023744484472070494,9.548538981344942e-05,-0.00038013427976276603,8.76130064415348e-05,0.00010406513870643829,0
197,2026-02-27,-0.00013599202870202555,0.02031605275957607,1.237324973489029,-0.03213049693728531,0.002044093269336189,-0.004667610137537803,0.015350373037534393,-0.00013599202870202555,0.0011124527396707661,0.02031605275957607,0.02000150470264522,-2.7628212299921342e-06,-0.00016826633330845303,1.849383187049254e-08,0.0004127419997298784,1
198,2026-03-02,-0.000936642106195995,0.02008906374058783,-0.4219991294314358,0.002044093269336189,-0.0036642536122324376,-0.03213049693728531,0.006047343656806037,-0.000936642106195995,0.0035902017514990114,0.02008906374058783,0.018170160896819755,-1.881626297348978e-05,0.00039526215340353636,8.772984350992696e-07,0.00040357048197340077,0
199,2026-03-03,-0.006147682126600574,0.015344141489886118,-0.07791450204289485,-0.0036642536122324376,-0.004663548763329417,0.002044093269336189,0.022390946489790453,-0.006147682126600574,5.699003396461011e-05,0.015344141489886118,0.015314586012305465,-9.433090438540318e-05,0.00047899359161208857,3.779399552972415e-05,0.00023544267806164458,0
200,2026-03-04,-0.008616363236209757,0.013437825341529963,0.03199987554739692,-0.004663548763329417,-0.00849451684471103,-0.0036642536122324376,0.007679856784716499,-0.008616363236209757,-0.0005874765643655522,0.013437825341529963,0.015369473361086452,-0.0001157851842473666,-0.00027572255122987837,7.424171541830707e-05,0.00018057514990946487,0
201,2026-03-05,-0.009381744577644402,0.013264555704561195,0.24760634221957578,-0.00849451684471103,-0.010872553678353492,-0.004663548763329417,-0.004667610137537803,-0.009381744577644402,-1.0781305691243137e-05,0.013264555704561195,0.014900424428803502,-0.00012444467355612911,-0.002322979458508869,8.801713132016014e-05,0.00017594843803940693,0
202,2026-03-06,-0.005130155925858038,0.004953041986802748,-0.17194604761310228,-0.010872553678353492,0.009399570838394267,-0.00849451684471103,-0.03213049693728531,-0.005130155925858038,-0.0026330739772800317,0.004953041986802748,0.014187054667277191,-2.5409877699619788e-05,0.000882110035090225,2.631849982361634e-05,2.4532624923030914e-05,1
203,2026-03-09,-0.003659060412046422,0.007857369120249872,-0.07056177042801559,0.009399570838394267,0.0036554627966916,-0.010872553678353492,0.002044093269336189,-0.003659060412046422,-0.0022978512591212085,0.007857369120249872,0.014452081085977921,-2.875058829074233e-05,0.0002581897807770598,1.3388723099005333e-05,6.173824949185625e-05,1
204,2026-03-10,-0.0021951171302616148,0.008510869096453214,-0.19958135457958837,0.0036554627966916,-7.663617950748325e-05,0.009399570838394267,-0.0036642536122324376,-0.0021951171302616148,-0.004171399628431094,0.008510869096453214,0.011881672200308068,-1.868235454703864e-05,0.0004381044503184718,4.818539215567987e-06,7.243489277696235e-05,0
205,2026-03-11,-0.0012777346134972278,0.008425058226936816,-0.14291551708356764,-7.663617950748325e-05,-0.019362766377938656,0.0036554627966916,-0.004663548763329417,-0.0012777346134972278,-0.004947048924853492,0.008425058226936816,0.011258901166544853,-1.0764988517286751e-05,0.00018260810298352878,1.6326057425289102e-06,7.098160612727572e-05,0
206,2026-03-12,-0.0034513845201427527,0.011568157622044821,0.555900514514339,-0.019362766377938656,-0.022051921765652405,-7.663617950748325e-05,-0.00849451684471103,-0.0034513845201427527,-0.006416564548893578,0.011568157622044821,0.012142696759143258,-3.992616014329689e-05,-0.001918626430534181,1.191205510588102e-05,0.0001338222707684737,0
207,2026-03-13,-0.005687258137602536,0.014152735274978163,-0.09471981173702015,-0.022051921765652405,0.01079486750256109,-0.019362766377938656,-0.010872553678353492,-0.005687258137602536,-0.005408707031730286,0.014152735274978163,0.010000589260040958,-8.049025886195402e-05,0.0005386960200935481,3.234490512372626e-05,0.0002002999157636112,1
208,2026-03-16,-0.005408198804769171,0.0145332235719179,-0.1314865962632007,0.01079486750256109,0.005577044389181385,-0.022051921765652405,0.009399570838394267,-0.005408198804769171,-0.004533629608407796,0.0145332235719179,0.0110527023358548,-7.859856235108953e-05,0.0007111056527538085,2.9248614311906687e-05,0.00021121458739135007,1
209,2026-03-17,-0.005023882486271214,0.014854674860178897,0.008960472903455141,0.005577044389181385,-0.016874457610149385,0.01079486750256109,0.0036554627966916,-0.005023882486271214,-0.0036094998082664143,0.014854674860178897,0.011510332631127555,-7.462814086930605e-05,-4.501636288837606e-05,2.5239395235862633e-05,0.00022066136520163093,0
210,2026-03-18,-0.008383446772399595,0.015347418224169419,0.10494845743102932,-0.016874457610149385,-0.0039209238936004365,0.005577044389181385,-7.663617950748325e-05,-0.008383446772399595,-0.004830590692948411,0.015347418224169419,0.012258000889724273,-0.00012866426377607985,-0.0008798298067184791,7.028217978565719e-05,0.0002355432461475676,0
211,2026-03-19,-0.0052950782755319505,0.014087685545994407,-0.024995875037404303,-0.0039209238936004365,-0.003896213024359163,-0.016874457610149385,-0.019362766377938656,-0.0052950782755319505,-0.004373231397837352,0.014087685545994407,0.012191247479256725,-7.459539768712044e-05,0.0001323551148884709,2.8037853944010416e-05,0.00019846288404281971,0
212,2026-03-20,-0.001663936527273302,0.010595878968142411,1.5335832561287974,-0.003896213024359163,0.01411347200480817,-0.0039209238936004365,-0.022051921765652405,-0.001663936527273302,-0.003675597332437919,0.010595878968142411,0.011975707167404983,-1.7630870053659102e-05,-0.002551785197487434,2.7686847667943363e-06,0.00011227265110752269,1
213,2026-03-24,-0.001996340323811507,0.011123402989086303,0.11360402110190626,0.0005964209042432778,0.00389443542328749,0.01411347200480817,0.005577044389181385,-0.001996340323811507,-0.0035101114050413605,0.011123402989086303,0.012474333052314894,-2.2206097925118437e-05,-0.00022679228827286884,3.985374688475833e-06,0.0001237300940576141,1
214,2026-03-25,0.0021574382828758675,0.0074497291491062165,-0.3702048400635184,0.00389443542328749,0.003839764228691145,0.0005964209042432778,-0.016874457610149385,0.0021574382828758675,-0.0031130042447618635,0.0074497291491062165,0.01265763926796686,1.6072330863338014e-05,-0.0007986940944589723,4.654539944418372e-06,5.549846439504283e-05,1
